{
  "model_type": "TCN_LITE",
  "pair": "BTCUSDT_train__BTCIDR_inference",
  "data_interval": "1m",
  "prediction_horizon": 5,
  "sequence_length": 240,
  "target_threshold": 0.0005,
  "feature_names": [
    "Ret_1m",
    "Ret_2m",
    "Ret_3m",
    "Ret_5m",
    "Ret_10m",
    "Ret_15m",
    "Ret_30m",
    "Ret_60m",
    "High_Low_Range_pct",
    "Open_Close_pct",
    "Upper_Wick_pct",
    "Lower_Wick_pct",
    "Close_Position_in_Candle",
    "Volume_Relative_20",
    "Volume_Relative_60",
    "Volume_Trend_5",
    "Volume_Trend_15",
    "Volume_ZScore_60",
    "Volatility_5",
    "Volatility_10",
    "Volatility_30",
    "Volatility_60",
    "Range_5",
    "Range_15",
    "Range_30",
    "RSI_7",
    "RSI_14",
    "RSI_21",
    "RSI_14_delta",
    "MACD_norm",
    "MACD_signal_norm",
    "MACD_hist_norm",
    "MACD_hist_delta",
    "EMA_9_distance",
    "EMA_21_distance",
    "EMA_50_distance",
    "EMA_100_distance",
    "EMA_200_distance",
    "MA_cross_9_21",
    "MA_cross_21_50",
    "MA_cross_50_200",
    "BB_position",
    "BB_width",
    "Momentum_5",
    "Momentum_15",
    "Momentum_30",
    "Trend_Strength_30",
    "Trend_Direction_30",
    "Ret_5m_agg",
    "RSI_5m",
    "MACD_5m_norm",
    "EMA_cross_5m",
    "Volatility_5m",
    "Ret_15m_agg",
    "RSI_15m",
    "MACD_15m_norm",
    "EMA_cross_15m",
    "Trend_15m",
    "Ret_1h",
    "RSI_1h",
    "Trend_1h"
  ],
  "n_features": 61,
  "scaler_type": "StandardScaler",
  "validation_metrics": {
    "accuracy": 0.8377989829870048,
    "up_accuracy": 0.8386572618551053,
    "down_accuracy": 0.8369261742417048,
    "precision_buy": 0.8394830154110763,
    "precision_sell": 0.8360898356218099,
    "recall_up": 0.8386572618551053,
    "recall_down": 0.8369261742417048,
    "pred_up_pct": 50.37007972879653,
    "prob_mean": 0.4955132508551439,
    "prob_std": 0.3623901239640582,
    "logloss": 0.36333419743549933,
    "confusion_matrix": [
      [
        132195,
        25758
      ],
      [
        25916,
        134711
      ]
    ],
    "auc": 0.9186641435296709
  },
  "test_metrics": {
    "accuracy": 0.8347829908249393,
    "up_accuracy": 0.8443730896291951,
    "down_accuracy": 0.8248678464720753,
    "precision_buy": 0.8329089868066807,
    "precision_sell": 0.8367755347879307,
    "recall_up": 0.8443730896291951,
    "recall_down": 0.8248678464720753,
    "pred_up_pct": 51.5328911642565,
    "prob_mean": 0.5029358893497677,
    "prob_std": 0.36466647291870563,
    "logloss": 0.3641941897602662,
    "confusion_matrix": [
      [
        129204,
        27432
      ],
      [
        25203,
        136742
      ]
    ],
    "auc": 0.9180508253546011
  },
  "validation_accuracy": 0.8377989829870048,
  "test_accuracy": 0.8347829908249393,
  "up_accuracy": 0.8443730896291951,
  "down_accuracy": 0.8248678464720753,
  "auc": 0.9180508253546011,
  "pred_up_pct": 51.5328911642565,
  "prob_std": 0.36466647291870563,
  "buy_threshold": 0.7,
  "sell_threshold": 0.3,
  "device": "cuda",
  "created_at": "2026-06-09T16:40:02.227408",
  "onnx_input_shape": [
    "batch",
    240,
    61
  ],
  "onnx_output": "logit; prob_up = sigmoid(logit)",
  "safe_transfer_note": "No raw price features; all OHLC-based features relative/normalized."
}